Status,mean_mois,total_protein_mu
case,374.4118377604167,52.881278854166666
control,427.00453896713617,56.298967370892015
